name,email,phone,ssn,address
Brandon Joseph,mooreroger@novak.com,001-255-649-7581,478-95-4975,"6810 Mindy Stravenue Apt. 040, Lake Erikahaven, NJ 58460"
Shawn Peck,duranchristopher@hotmail.com,(529)068-2325x59877,748-50-4566,"555 Sharon Underpass, Haroldmouth, VT 16466"
Margaret Peck,lmoore@moore.biz,236-775-7172x456,312-70-1326,"940 Alexander Viaduct Suite 928, Andrewburgh, SC 74868"
Amanda Castro,davidmyers@gmail.com,(935)669-9457x35887,726-05-8742,"728 Adam Spurs, West Donna, WV 65486"
Amanda Summers,allenjesse@johnson-obrien.biz,457.811.4623x3156,452-68-8912,"Unit 8862 Box 8615, DPO AA 59750"
Michelle Warren,eric32@stone.biz,(881)019-0836,304-15-7638,"76187 Morris Alley Suite 323, Johnsonport, KY 08327"
Thomas Pope,donnascott@young.com,186.804.5665,096-96-5596,"450 Jessica Corners, Morrisstad, AK 97801"
Anthony Roy,joshua51@hanson-everett.com,(725)775-4925,818-81-1619,"16205 David Field Apt. 216, East Aaronberg, FL 26536"
Glen Banks,michaelfisher@williamson.org,945-655-0595,781-68-1966,"235 Madison Radial Suite 924, Richardton, OK 66573"
Douglas Coleman,frazierkathryn@hotmail.com,992-661-1131,759-78-0588,"8269 Derek Well Suite 435, South Caitlintown, NC 66584"
Sandra Morse,ejordan@yahoo.com,5482076470,604-35-7386,"USNS Lozano, FPO AP 89397"
Lynn Bradley,george71@yahoo.com,001-649-183-5851x099,654-06-2035,"494 Miller Throughway, Port Michael, HI 61865"
Dawn Garner,romaneileen@yahoo.com,(418)795-1933x1525,824-74-7906,"886 Marissa Point Apt. 552, North Lisatown, CO 37289"
Brian Hall,holtmarie@hotmail.com,(571)709-9573,426-42-8414,"2271 Erickson Freeway, Jenniferchester, DE 59475"
Carlos Smith,nicholasholmes@gmail.com,248.556.9824,282-49-3267,"414 Miller Meadows, Portermouth, ND 80962"
Anthony Walls,derekperry@craig-cline.org,+1-224-656-6793x440,529-03-1168,"419 Henry Cliff Suite 913, South Robertbury, NH 73933"
Brittany Duffy,tabitha09@armstrong-austin.net,974-828-8960,100-41-1686,"5654 Townsend Radial Apt. 970, Meganshire, MT 10584"
Samuel Vazquez,zhenry@yahoo.com,839-946-6859x348,453-14-1619,"89869 Nash Parkways Apt. 694, East Nicoleshire, UT 01016"
Bruce Baker,jlee@barrett-johnson.net,001-236-345-9036x0608,688-63-7740,"963 Denise Glens Suite 074, Wheelershire, NE 39764"
Dalton Wright,lmarshall@shelton.com,001-835-144-4585x3487,231-08-2004,"3612 Martinez Ridge Apt. 370, Port Jonathanfort, OR 76511"
Brittany Elliott,kmahoney@miller.info,293.325.9413,360-90-3330,"1229 Robles Ports Apt. 656, Serranomouth, VT 26898"
Bobby Acosta,jonesadam@mendoza.com,(738)660-6192,107-30-6256,"4777 Anna Drives, Nicholasburgh, MA 85126"
Rodney Ramos,sarah45@gmail.com,+1-250-411-8844,558-89-3576,"866 Julie Terrace Suite 704, West Christopherport, KY 50568"
Valerie Jones,ufranklin@gmail.com,001-421-555-6967x273,848-78-6115,"06271 Williams Stravenue, Petersontown, VA 01879"
Steven Barnett,mary47@gmail.com,035-624-9364x334,520-35-8925,"1963 Fox Tunnel Apt. 099, Hopkinsview, WV 09069"
Rachel Becker,carrie52@martin.biz,+1-764-036-2516x7214,111-02-1657,"5485 James Meadow, Stevenchester, MA 86496"
Sonya Hinton,hwright@hotmail.com,(079)169-9771x81523,386-19-5842,"73544 Courtney Common, Maryfort, CO 86905"
Hannah Holt,tara13@berger.org,254-711-9620,061-31-9323,"7598 Hoffman Manors, West Amanda, MO 74633"
Melissa Brewer,vargasjacob@davis-nelson.info,684-774-0660x985,030-91-8219,"3165 Murphy Stream, Phyllischester, NY 55543"
Ashley Gonzalez,xdavis@garrett.com,001-397-068-3308,102-21-8411,"290 Ashlee Place Suite 527, Jessicaberg, NH 09625"
Anthony King,vthompson@gmail.com,001-623-740-3190x442,464-11-1819,"5652 Molly Camp, Patrickburgh, SC 22105"
Joshua Mercer,acostajacqueline@hotmail.com,246-270-4808x566,509-35-8645,"6836 Clark Port Suite 723, West Stephenfurt, IN 17125"
Gloria Donaldson,nicoleoliver@cook.com,001-955-009-0132x0602,086-92-5620,"55868 Boyle Spring Apt. 312, East Nicolebury, ME 66296"
Phillip Ballard,nicolewebb@love.com,814-226-2736,211-27-5424,"USNV Norris, FPO AE 25026"
Evelyn Glass,kanelisa@hotmail.com,(857)864-9077x6949,510-30-4229,"PSC 1812, Box 0188, APO AE 30730"
Mr. Calvin Bray,bretthowell@hotmail.com,+1-276-659-9449x089,282-80-7496,"149 Reginald Turnpike Suite 503, North Thomasberg, CO 72464"
Richard Kennedy,william28@hotmail.com,001-207-628-0810x3565,556-21-1087,"79692 Vega Trail, Westport, HI 76130"
Eric Glass,wolfejason@collins.org,001-219-079-1210x21667,275-37-7481,"USNS Hester, FPO AP 72094"
Kathy Snyder,zimmermanmichael@gmail.com,250-815-6354x91167,141-78-5074,"701 James Mountain Apt. 613, Patriciamouth, MI 54217"
Kristina Hall,wilsongeorge@gmail.com,001-714-973-5178,286-94-4991,"4851 Mark Springs, East Beckymouth, AK 42483"
Dennis Mccarty,wandabell@manning.com,349-380-8849,657-57-3755,"936 Mejia Plaza, West Angelburgh, AZ 04142"
Wayne Morris,fcampbell@kelly-cervantes.biz,335.981.7551,585-28-1017,"USNS Chavez, FPO AA 66665"
April Delacruz,amandapollard@yahoo.com,482.053.0377x5537,146-01-9966,"636 Thomas Underpass Apt. 371, South Joan, ID 56542"
Dustin Knight,erica25@thomas.com,676-901-5194x339,476-80-1008,"USNV Perkins, FPO AP 25155"
Michael Silva,mario82@french-gonzalez.com,+1-561-052-6749x75413,883-15-3904,"USS White, FPO AP 35576"
Sabrina Valencia,lallen@phillips-turner.org,+1-993-972-0835x5547,736-67-2643,"26895 Rios Union, Walkermouth, DC 81303"
Caroline Bell,johnsonkayla@wilson-king.biz,(723)839-0032,701-95-4606,"64193 Matthew Mission Suite 520, Jennifershire, HI 54382"
James Dixon,greendouglas@tran.com,767-759-5864x211,667-03-0475,"23738 Joshua Lights Suite 380, Gregorymouth, WI 51753"
Morgan Smith,tuckerashley@benitez.com,593.108.0652x524,177-24-6492,"894 Donovan Circles, Port Donald, WY 39985"
Rachel Mathis,coxedward@powell.org,688-596-6599x05768,655-23-3066,"459 John Garden Apt. 736, Hopkinsside, MO 30925"
Nathan Rhodes,valerie09@bennett-ruiz.com,662-247-0474,715-01-2130,"4800 Cantrell Freeway Suite 056, East James, SD 93822"
Tara Palmer,dduncan@gmail.com,(540)126-4007,203-44-2304,"49858 April Hills Apt. 234, Mendezside, ID 82721"
Melinda Lawson,yoliver@yahoo.com,+1-118-662-6136,218-04-9455,"599 Jeremiah Brooks Apt. 512, Davisport, MS 51493"
Daniel Dillon,tyronewells@yahoo.com,(253)914-6136x437,302-37-0661,"1188 Allen Crescent, Ashleymouth, IN 88252"
Adrian Williams,allen58@duncan-wilson.com,322.436.9109x777,377-54-9508,"05025 Erica Motorway Apt. 339, Patrickland, ND 91069"
Michael Cantu,burgessrichard@yahoo.com,(404)457-1022x375,082-05-2049,"07618 Isaac Pine Apt. 835, Port Robert, AZ 57453"
Rachel Douglas,carl34@hotmail.com,620-393-3205,281-19-7573,"5318 Johnson Flat Suite 697, East Alexander, WA 05943"
Bonnie West,angelamay@gmail.com,+1-269-498-6683x3234,752-97-9901,"Unit 6203 Box 2966, DPO AA 77246"
Margaret Cox,walkerangelica@johnson.com,530-789-8731x108,709-79-4845,"PSC 1294, Box 6085, APO AE 51525"
Sierra Smith,vroman@adams.com,692-924-6547,205-72-8178,"4326 Shelton Court, Lake Anita, SD 56967"
Crystal Henry,fowlerchristopher@howard.biz,(624)174-7690x0738,269-38-1360,"45832 Sanford Forks Apt. 496, Robertmouth, NC 47990"
Bobby Thomas,gilbertpatrick@oneill.com,001-440-446-2092x5133,004-15-3012,"471 Henson Garden, Darleneport, LA 98198"
Jason Cochran,eddie33@gmail.com,076-615-0224x55023,113-66-6073,"2533 Danielle Mountains Apt. 196, Sextonshire, LA 22668"
Patrick Perkins,powelljason@hotmail.com,142-883-4747x10308,492-91-3886,"5958 Matthew Extensions Suite 941, South Tracey, AZ 51443"
Shane Woodward,amurphy@yahoo.com,+1-098-040-3979,749-20-7220,"30467 Torres Forks Apt. 763, East Reneemouth, VA 27475"
William Lopez,cgarcia@lynch-riley.org,295.667.1070x8175,845-39-9626,"71394 Taylor Avenue Suite 040, Lake Nicole, VA 51733"
Kristen Williams,butlergary@shannon-morrison.com,(077)238-2923x9950,009-83-7412,"Unit 2966 Box 9437, DPO AA 19728"
Stephen Montgomery,eaustin@yahoo.com,(482)995-0850x203,673-82-7170,"Unit 2952 Box 2565, DPO AA 70718"
Randy Ramirez,wernerjacqueline@diaz-page.info,831-384-5388,281-59-3949,"0686 Thomas Ford Apt. 164, Port Lawrence, MS 92854"
Carrie Ortiz,zcarlson@nelson.info,9203571154,541-38-7868,"8113 Kline Locks Suite 847, North Krystal, MA 34197"
Michael Hall,coreyschmidt@cohen.com,(389)682-2290,575-77-3002,"USNS Wiley, FPO AA 69203"
Patricia Kelly,bentonmary@yahoo.com,668-200-6163x6960,499-80-0898,"28945 Henderson Tunnel Suite 584, Ramirezfort, KS 67077"
Kara Douglas,danieldalton@gmail.com,659-317-6289x59674,311-77-6503,"678 Vargas Underpass, Fullerchester, AK 39234"
Eugene Johnson,deankimberly@yahoo.com,(068)821-9449x293,204-78-1795,"53992 Delgado Ports Suite 388, Sandersborough, VT 22834"
Thomas Jones,danielbarker@strickland.net,500-042-8561x557,703-76-0386,"59064 Eugene Mills Suite 885, South Carolineshire, ME 53345"
Thomas Brooks,christopherevans@faulkner-barrett.com,+1-347-451-6707x56197,257-65-6109,"8776 Dudley Branch, Port Stephanieport, IA 99862"
Diane Hernandez,annette29@aguilar-mercado.com,9428745179,808-88-2489,"633 Davis Islands Suite 251, Angelmouth, MN 68200"
Scott Arellano,robert21@bell.com,359-650-8369x79922,599-74-1360,"422 Olivia Bypass, Hortonville, NV 04650"
Priscilla Gillespie,david14@yahoo.com,433-903-3687,093-53-3530,"34162 Merritt Knolls, Ryanview, IL 89101"
Amber Franklin,hardyjennifer@gmail.com,1912949937,095-68-0147,"94890 Martin Roads Suite 778, Rodriguezville, PA 59217"
Alison Little,santiagoemily@gmail.com,890.979.4355x791,201-50-6483,"2361 Francis Mews, Kevinbury, VA 34554"
Sheila Brooks,showell@sanchez.com,(937)162-0205x424,145-12-8351,"98918 Wilkerson Pike Apt. 741, New Jamesfort, IA 96760"
Bradley Montoya,barbara66@lozano-adams.info,618.739.5158x35815,362-38-3580,"46914 Steven Squares Suite 710, Ochoashire, NE 18164"
Rodney Johnson,michaelahester@nguyen.com,111-391-0680x9905,217-16-6888,"PSC 9465, Box 6521, APO AE 57492"
Michael Wagner,tfox@bailey.com,+1-776-699-8840x275,051-62-2521,"23538 Christopher Plaza, Harrellburgh, NE 35558"
Emily Cunningham,larry63@finley.biz,671.567.9620x40451,256-41-9887,"54051 David Land, Lake Clarenceport, HI 82264"
Janice Nguyen,michael54@gmail.com,+1-603-188-4380x0368,719-62-5486,"149 Price Valley, North Victoria, NH 01986"
David Cook,ospencer@smith-hill.com,(892)998-2524x60524,317-56-7620,"88831 Jonathan Shoal, Howardton, NM 15816"
Dr. Kenneth Henry II,joseph54@hotmail.com,(013)503-8173,203-31-4291,"4266 Lori Inlet Suite 616, Lake Jennifer, HI 92409"
Rodney Boyd,christopher17@gmail.com,001-820-069-1865x146,119-83-2955,"USS Lowe, FPO AE 84657"
Jacqueline Kim,carrillobarry@hotmail.com,+1-311-360-1004x1232,364-70-8999,"341 Regina Course Apt. 321, West Anthonyton, KS 32464"
Bianca Hughes,whitekaren@curtis.com,+1-089-876-4643x99580,332-42-7818,"PSC 8446, Box 5483, APO AE 34289"
Shannon Rivera,tranjessica@gmail.com,(324)745-8768x7750,357-58-9384,"Unit 5435 Box 9447, DPO AP 45521"
Eric Wolf,thomasmartinez@morris-jennings.org,755-183-7290,849-58-0393,"7944 Tucker Streets Suite 435, Sarahfort, WA 33389"
Diana Pennington,alyssa40@wright-harrington.com,1035192999,237-88-8932,"Unit 8855 Box 3117, DPO AA 97043"
Jose Thomas,ujames@moore-ryan.info,+1-738-387-0936x9915,522-49-0363,"23836 Palmer Grove, Josehaven, PA 25189"
Brittany Wall,woodsbrenda@sims.com,203.420.5011x920,392-78-1555,"374 Brian Mills, New Kevintown, CT 12615"
Amanda Rodriguez,jwoods@powell.com,629-537-9847x176,014-60-1232,"53009 Taylor Place, Benjaminfort, IL 46159"
Barry Evans,rochoa@yahoo.com,534-228-7223x715,444-67-4382,"9013 Richard Course, Charleshaven, PA 92767"
Maria Diaz,qpalmer@morton.com,156.170.8037,856-93-0268,"Unit 4056 Box 4324, DPO AA 08038"
John Barker,marnold@gmail.com,224.949.2961x6410,657-38-0964,"8331 Bryant Forge, Stevensstad, KY 34648"
Marcus Higgins,aschmidt@hotmail.com,503-036-3872x64419,212-97-4964,"USNS Dominguez, FPO AP 43425"
Tracy Hodges,brendayang@yahoo.com,001-788-691-1478x249,701-33-5419,"9652 Martinez Harbors, Kennethland, AZ 06708"
Kyle Curtis,finleylisa@fischer.com,(205)899-2475x66067,129-25-2581,"19797 Hooper Throughway Apt. 572, Halestad, AZ 01069"
Mary Johnston,gerald09@phillips.com,+1-611-118-8459,399-32-5684,"80166 Rodgers Manors, New John, CT 22004"
Michael Kelly,romanstacy@jones.com,+1-881-400-7810x99654,643-73-5199,"8631 James Station Suite 748, Josephburgh, AR 71814"
Charles Harris,patrickwilson@wilson.com,(307)308-6296,243-69-2416,"553 Steven Estate, Williamport, VA 95063"
Charles Guerrero,jyates@kim.net,001-962-697-6911x4809,237-25-8599,"6133 Martin Junctions, Monteshaven, OH 39347"
Natasha Ingram,melissadoyle@gmail.com,390.550.5857x415,576-58-7528,"1420 Robinson Island, South Molly, IN 87147"
Timothy Ruiz,cassandra70@hotmail.com,431-480-0257x6563,855-82-7285,"Unit 8201 Box 9457, DPO AP 56678"
Lisa Adams,dylanguerrero@hotmail.com,582-137-8828,023-44-3162,"325 Willis Mall Suite 000, New Johnside, SC 01642"
Jennifer Hart,christina10@yahoo.com,091-119-2645,145-62-7201,"4886 Zamora Mall, Seantown, OH 99840"
Hector King,wendy05@sullivan-conley.info,134-919-7262x96854,501-20-5751,"78496 Neil Grove Apt. 371, Port Rebekah, SC 08786"
William Stewart,cunninghamrobert@davis.com,001-053-576-5821x6116,033-43-4608,"9164 Samantha Fords Suite 354, Williamshaven, SD 43283"
Jon Miller,joseph47@stephens.info,693.843.7735,094-92-3385,"2025 Thompson Canyon Apt. 054, South Courtneyport, WI 69383"
Peter Garner,patricklester@mooney.net,537.445.0072,021-19-2128,"7632 Terrell Isle Apt. 162, Port Christopherport, FL 74974"
Dustin Wise,kenneth73@gonzalez.com,508-786-4697,350-77-7032,"9909 Lauren Fall, Deborahmouth, MA 08372"
Anthony Barrett,munozjohn@yahoo.com,(871)918-9851x83366,208-23-0165,"1515 Williams Point Suite 086, Beckfurt, CT 27363"
Elizabeth French,garrettdavid@hayes.info,+1-875-076-3960x23832,487-87-6955,"017 Clayton Camp Apt. 240, Amandaville, WY 35022"
Juan Lee,james27@gmail.com,483-994-9710x972,452-48-7179,"83600 Matthew Forest Suite 811, Brownberg, VT 18497"
Sarah Mueller,qlewis@gmail.com,188-914-1113x70635,185-87-2113,"406 Rodney Forest Apt. 785, Maldonadofort, GA 83838"
James Ramirez,chavezcourtney@gmail.com,+1-259-562-6588x260,135-91-3787,"74086 Bauer Walks, East Kurt, WI 20296"
Travis Lawrence,amy55@marks.net,+1-973-365-9503x763,801-12-4725,"305 Ashley Lodge Suite 946, Annettetown, KS 38069"
Mark Curry,orusso@romero.com,366.451.8438,236-68-9921,"Unit 2557 Box 7837, DPO AE 28471"
Deborah Vasquez,erose@gmail.com,035.931.0711x864,051-29-8483,"1252 Raymond Causeway Apt. 094, Wilsonberg, MO 61884"
Jermaine Moody,ycasey@vance-smith.biz,001-391-381-1822x16706,853-08-4811,"81866 Barnes Valleys, Lewisborough, SC 42660"
Christian Hubbard,margaret86@roberts-wright.info,097-709-4506,507-04-3636,"820 Harris Mountains Apt. 997, Stevenburgh, AL 09533"
Stephanie Campbell,edwinmorrison@yahoo.com,+1-983-060-3617,818-19-9623,"5125 Glenn Mission Suite 559, Natalieshire, TN 51660"
Daniel Rivera,michaeltravis@yahoo.com,521.881.5994,043-39-0743,"04997 Hannah Course, West Rachel, WA 00509"
Jill Scott,orozcodaniel@smith.info,0301148215,449-25-3707,"680 Sims Hollow Suite 437, East Jeremiah, ND 48141"
Jonathan Anderson,xsmith@davis.org,177.727.3296x51757,873-18-1692,"9460 Davis Ferry Suite 240, Jeffreymouth, HI 07059"
Sue Thomas,mandyfrederick@ryan.com,938-045-2764x9574,600-82-1470,"508 Isaac Lakes Suite 956, Garciaton, DE 78365"
Bryce Sparks,dixonchristine@pearson.biz,+1-917-549-9161x69362,613-27-2796,"492 Hurst Islands, South Danaton, NJ 39612"
Dorothy Gilbert,harrisedward@richards.info,088-398-7698x915,508-06-2953,"3797 Ortega Shoal Apt. 237, Annborough, AZ 46209"
Jennifer Wheeler,james19@christensen.com,3898163371,266-18-0561,"6110 Moore Summit, Danielsstad, IL 84352"
Sean Jennings,droth@hotmail.com,+1-405-576-7097x51576,853-04-8966,"231 Timothy Cliff, East Jason, MA 81746"
Lindsay Evans,kathrynfreeman@gmail.com,095.411.1791x804,646-05-0126,"716 Bruce Landing, West Johnbury, NC 32011"
Jessica Jarvis,carmensmith@gmail.com,5972090096,286-68-1332,"15855 Coleman Field Apt. 443, Kennedyhaven, AZ 31435"
Brittany Jones,dawn74@yahoo.com,(754)587-4216,697-18-8888,"394 Myers Manors Apt. 549, North Brandontown, ME 15911"
Justin Taylor,laurenorr@cooper.com,596-574-4500x0313,201-79-2890,"710 Nelson Plaza Apt. 187, West Brian, WA 83417"
Deborah Williams,bakerrichard@gmail.com,953.626.2543x375,651-33-9055,"57583 Wilson Alley, Glassville, HI 24498"
Tyrone Hughes,dennis90@yahoo.com,125.570.8233x519,328-33-3358,"451 Gonzalez Forge, West Mollyfort, NC 71631"
Lindsey King,rmercer@gmail.com,(195)929-3777,337-46-2997,"393 Burns Isle Apt. 789, Port Valerietown, AZ 89247"
Thomas Chambers,powersalison@may-gonzalez.com,+1-410-252-5036x200,350-34-6275,"258 Tina Walk, North Randystad, LA 24785"
April Moore,brandonmendoza@yahoo.com,7427476412,714-20-4027,"13974 Laura Bypass, New Robertshire, TX 43055"
Charles Krueger,amanda79@yahoo.com,(046)994-8644x6290,476-05-9837,"16971 Ward Pines Suite 254, New Sherriburgh, WA 21372"
Michael Boone,tina13@mahoney.biz,234-587-9850x755,516-49-6726,"75489 Alicia Highway, Dustinmouth, WI 58721"
Dillon Ray,michaelball@day-curtis.com,9469515499,801-27-0560,"385 Calderon Common, Floydchester, TX 52187"
Renee Randall,seanlowe@carney.com,(426)439-6836x2588,238-58-7462,"Unit 2220 Box 3842, DPO AA 79403"
Chad Colon,jimmy45@thomas-miles.biz,(864)061-4918,189-87-4218,"45572 Huffman Terrace Suite 956, Lake George, LA 38786"
Lauren Soto,bradleyalexander@dennis.com,091-163-5979,312-39-3949,"159 Mikayla Forest, South Micheleburgh, MT 94790"
Shelly Sullivan,bradley63@yahoo.com,765.183.7351,249-22-0220,"1251 Ruiz Overpass Suite 268, Tinamouth, CA 84598"
Michael Flores,amber41@yahoo.com,(990)453-9412x1782,161-11-3320,"59152 Gutierrez Pine, New Jessica, MT 31337"
Cody Grant,margaret26@hotmail.com,867-984-4489,604-49-3806,"25747 Lucas Pass Suite 722, Roblesland, MD 58460"
Shelia Turner,stephensangela@frazier.com,+1-447-545-3290x512,113-40-0924,"0352 Jimmy Forge Suite 421, Port Lauraborough, CT 12121"
Dale Mitchell,ricardoreed@smith.com,938-687-4513,588-16-5540,"192 Carolyn Skyway, Bartonland, TX 22523"
Alicia White,nicholsmorgan@yahoo.com,323-363-1614,259-95-3708,"6280 Annette Plains Apt. 983, Fischerburgh, IL 99807"
Michael Cordova,hgates@gmail.com,+1-457-513-6650x87142,453-17-7589,"6935 Daniel Village, Elizabethtown, OH 83116"
Holly Williams,thomas03@le-jones.com,2774711260,009-02-3119,"844 Adrian Garden Suite 056, Colemanhaven, GA 70715"
Lance Davis,whitneyrobinson@peterson.net,266.626.8887x724,672-76-4304,"4530 Kelly Summit, Lake Jeffreychester, MA 15093"
Timothy Ryan,boyermark@perez.com,518.162.3241x260,504-77-0461,"38139 Brooke Springs, East Kimberly, NY 58051"
Paula Jones,meyerkimberly@campbell-jackson.com,905-842-8900,624-96-6421,"29154 Adam Common, Bryanttown, NE 29100"
Victor Price,mjimenez@graham.com,+1-539-942-4748,638-95-2888,"2683 Robbins Route Apt. 953, Joneshaven, DC 62612"
James Perry,douglasmccormick@hall.com,441-476-8671x05277,810-69-9624,"30035 Woods Way Apt. 572, Port Aprilchester, IA 11339"
Daniel Davis,ggraves@fisher.biz,248.876.8119,643-92-4519,"743 Flores Row, North Glennview, IN 72582"
Amy Schultz,edavenport@gomez.com,(133)556-4937x00845,007-73-6731,"14001 Russell Cliff, Bishopton, NV 35953"
Jeremy Sherman,burnettanthony@flores.com,660.327.3150,469-77-5374,"228 Cruz Expressway Suite 356, Odonnellfurt, HI 44690"
Shannon Perez,shane95@yahoo.com,162.462.6898,778-99-4354,"4396 Foster Islands Suite 796, Clarkborough, IA 88897"
Laura Collins,richardsonconnor@jackson.com,001-820-492-3443,028-25-3226,"9286 Burnett Flat Apt. 081, Albertchester, KY 29907"
Aaron Parks,valenzuelaolivia@nelson-sullivan.biz,103.467.4484x8354,632-04-3538,"7379 Case Flats, Port Valerie, SC 65406"
Rhonda Mosley,wendyvance@mcdonald.info,(426)145-5656,168-54-8622,"6172 Juan Street Suite 384, Lake Kelly, IN 33909"
Brian Scott,katherine33@yahoo.com,(701)953-3232x443,361-85-6811,"19280 Megan Stravenue Suite 729, New Katherine, MT 19598"
Elizabeth Murphy,valerie25@hotmail.com,621-031-2495x9066,158-47-9160,"59782 Paul Summit Apt. 911, Terranceside, IN 57191"
Jennifer Carlson,yallen@west-perry.info,+1-351-694-0936,861-56-8280,"1394 Jill Station, Williamsside, ME 50184"
Kayla Little,smithgreg@flores.org,671.643.6284x154,003-21-4932,"76419 Jennifer Points, Tammymouth, MD 37881"
Tara Adkins MD,rachel62@allen-collins.org,7746923597,508-35-0746,"857 Lee Manor Apt. 366, North Brandyport, MA 10598"
Christopher Santos,shortveronica@wallace-hess.com,001-092-048-9629x471,073-20-3173,"68151 Mark Village, Port Jameschester, NE 47309"
Rebecca Hartman,zharris@gmail.com,042.699.1907,180-85-1322,"6101 Robert Parks Suite 858, Arroyochester, FL 07087"
Travis Camacho,nmorales@jones.org,001-363-227-5299x2989,692-36-1948,"8049 Miller Forest Suite 040, West Davidfurt, VA 83670"
Alicia Peterson,sierra19@hudson.com,894.247.8071x7525,027-08-3626,"879 Williams Prairie Suite 649, Nguyenview, LA 54882"
Miguel Patton,csolomon@johnson.com,6462327787,263-48-9588,"645 Ellis Villages, North Brianview, NV 32738"
Jillian Patterson,emilyvaughn@yahoo.com,078.671.5875x210,292-06-0521,"55495 Taylor Station Suite 398, Nancytown, VT 08943"
Victoria Simpson,fwilkins@gibbs-ryan.com,(901)185-7422x660,604-76-1542,"8566 Villa Lights, South Johnnyfurt, LA 05330"
Katie Vasquez,amberpearson@hotmail.com,001-981-589-9755x88941,845-18-4046,"21958 Russell River, East Brandonport, ID 36447"
Karen Kaufman,ashley48@bates.com,883-251-0965,707-57-7484,"047 Mcmillan Course Suite 162, Johnfurt, LA 04923"
Jordan Martinez,alvaradoanthony@yahoo.com,4914367479,053-76-4388,"714 Jillian Prairie Apt. 540, Cartershire, UT 49605"
James Gordon,barbarafletcher@gmail.com,815-271-3009,648-59-1952,"059 Charles Dam Apt. 522, Edgarmouth, GA 01987"
Shelly Abbott,andrewwiley@gilmore-koch.com,536-925-3983x92466,510-22-7456,"USS Washington, FPO AP 57103"
Mark Jacobs,vasquezkimberly@juarez.com,941-787-6785,704-11-1296,"Unit 2563 Box 1423, DPO AA 52386"
Aaron Wilson,mark93@hotmail.com,159-287-4032,187-58-2138,"4915 Ortiz Point Apt. 543, Lake Gregoryport, AZ 43922"
Suzanne Scott,rangeldonald@massey.biz,(500)922-8696x9545,065-15-5738,"USCGC Sutton, FPO AP 77327"
Jason Green II,bonnie35@stewart.com,850-173-5330x9322,431-56-9008,"2890 Mark Pines, Adamfurt, MO 61207"
Megan Nguyen,ubates@bradley.com,001-783-933-8505x505,501-43-8917,"30311 Erin Mountains, West Gary, MO 60325"
Christopher Rojas,david48@gmail.com,346-946-0058x90644,510-25-0068,"274 Sarah Curve Apt. 842, West Kristopherfurt, AL 85333"
Jonathan Griffin,oallen@hotmail.com,+1-780-822-2571x59742,454-88-4697,"2028 Blanchard Station Apt. 800, West James, NC 45595"
Kara Ramirez,watsonfelicia@gmail.com,(469)435-6669x6303,310-22-5549,"0607 Valerie Island, Lake Amanda, WI 54117"
Theresa Wright,larry24@yahoo.com,+1-739-865-2493x65994,594-46-1290,"795 Riddle Circle Apt. 724, Williamsside, PA 22729"
Eric Simmons,ryan07@ramirez.org,001-435-165-7928x00552,771-77-2400,"63381 Michelle Divide Suite 285, Bellton, DE 25941"
Tracy Smith,jenniferbarnes@hotmail.com,+1-234-491-3445,568-06-9943,"PSC 9663, Box 1544, APO AP 62815"
Brittany Hill,johnsonmichelle@steele.info,221.126.8528x92090,710-95-7893,"880 Hernandez Mills, East Elizabethfurt, NM 76952"
Tammy King,lisa23@perez.com,+1-683-451-5704x7235,484-81-4604,"200 Hall Pines, North Brittany, FL 39846"
Allison Thompson,stephenchristensen@hotmail.com,(979)558-5709x635,498-71-2552,"85593 Joe Locks, New Andrea, DC 65790"
Lisa Cameron,uflores@yahoo.com,+1-128-210-0441x220,746-92-2162,"0915 Timothy Mountains, Joshuahaven, DC 26216"
James Wilson,glen59@brooks.com,8250672119,211-01-0754,"7335 Larson Neck Apt. 883, Costaberg, ND 38601"
Jeremy Garcia,rosskimberly@bowen.info,001-854-485-8220,161-08-0547,"74228 Haney Crest, New Sandrastad, NE 04922"
Marcia Barry,monroeangela@gmail.com,624.305.5850,263-91-8098,"5342 Steven Wells Apt. 600, Lake Erika, MD 52218"
Cynthia Rasmussen,pricebrandon@wallace.biz,(923)888-6677x316,606-84-7663,"62334 Romero Crossroad, Evanfurt, NV 15922"
Barry Kane,jake45@may-brown.org,001-501-112-7600x13988,889-67-1663,"77192 Christopher Island Apt. 271, Lake Toddfurt, MS 95759"
Melissa Snyder,rodriguezyolanda@hotmail.com,001-616-500-2818,753-88-2233,"10662 Jack Roads Apt. 061, West Karentown, OH 16079"
Haley Thomas,kimberly40@yahoo.com,912.896.7700,650-46-0589,"99509 Donna Island Apt. 111, Spencefurt, CO 64777"
Patrick Thomas,jlopez@wells.com,(715)228-9180x438,364-40-0891,"408 Valerie Orchard Apt. 094, Smithshire, NM 69711"
Michael Mercer,barnesanna@hart.com,740-476-3056x467,502-45-3051,"98523 Davis Union, Torresside, GA 44574"
Jenny Johnson,jason93@gmail.com,971.255.2903x034,615-23-7302,"Unit 5519 Box 5769, DPO AE 28665"
Andrew Hardy,fulleredward@hotmail.com,602-861-9781,746-24-2737,"152 Zavala Village, South Caseyfort, TX 57421"
Jordan Gomez,wtaylor@hotmail.com,217.474.0647x9297,263-53-6225,"9692 Holden Garden Apt. 454, West Josephchester, MD 28288"
Johnny Aguilar,ilogan@gmail.com,(412)409-8300x093,750-49-8394,"6364 Anthony Island, Dennisstad, MS 01262"
Samantha Rodriguez,lhardin@gmail.com,+1-544-765-4048x1838,575-40-1099,"3930 Brown Wall, Lake Christopher, MI 42805"
Gary Acevedo,lindsay31@yahoo.com,001-599-157-9976x047,668-16-1819,"USNV Thomas, FPO AA 72412"
Charles Mckinney,unorman@ray.com,(069)472-0112x8565,799-64-1128,"88660 Green Ridges Suite 807, Payneburgh, KY 62539"
Mr. Michael Cook,staceygutierrez@beck-hodge.biz,150-123-9010x577,545-50-1468,"0123 Carol Point, Lake Jamesburgh, IN 76322"
Nicole Snow,hintonsteven@hotmail.com,(519)626-7843,062-22-2987,"39160 Stewart Trail, West Melanie, OK 27670"
Sarah Rivera,washingtonemily@conrad-graves.com,(865)026-9759x3275,520-22-7430,"USCGC Beck, FPO AE 61657"
Sara Phillips,christinehill@gmail.com,(920)795-1734x7919,367-18-1535,"02583 Frye Courts Suite 810, Martinmouth, RI 25014"
Kimberly Smith,hendersonlawrence@roberts.org,+1-787-131-0101x322,679-58-6543,"7345 Cynthia Square, Gabriellemouth, FL 70577"
Katherine Nelson,rbuchanan@green-gibson.com,+1-704-102-0899x39283,263-64-6642,"6322 Brandon Radial Apt. 476, Lake Maria, NM 32071"
Alisha Conner,destiny20@gmail.com,(060)561-4555x09831,817-66-9634,"Unit 3381 Box 6951, DPO AP 34159"
Renee Arnold,johncarter@hubbard.biz,+1-871-030-2960x6225,162-80-0035,"4886 Barton Dam, West Janetberg, NM 72996"
George Graham,pgarcia@contreras.org,001-368-987-0275,810-31-4245,"75908 Curry Ville, West Donaldbury, FL 13076"
Angel Chung,terry73@mckinney.info,(059)052-5337x00990,033-28-0673,"USS Austin, FPO AE 93484"
Christian Warren,ppotter@yahoo.com,(776)209-8290x17007,224-30-1349,"54532 Richardson Point Apt. 897, Grahamstad, SC 36902"
Rebecca Gonzalez,piercelauren@gonzalez-gaines.com,+1-704-261-0902x261,149-02-7354,"163 Hurley Trace Apt. 936, Alexandramouth, NV 75027"
Julie Torres,njones@gmail.com,001-165-977-2095,769-10-9966,"47027 Sellers Run Suite 927, West Tyler, NJ 43962"
Michael Davis,kellyibarra@gmail.com,001-471-810-4882x8158,787-28-8105,"41810 James Estate, Debbieland, MO 90525"
Elizabeth Harris,reynoldscharles@dominguez-rosales.com,603-035-6925x0066,581-31-6856,"Unit 9745 Box 5914, DPO AP 79392"
Christopher Torres,tuckersara@gutierrez.com,393-492-0014x83815,301-57-3205,"58487 Victoria Meadow Apt. 166, Port Patrickbury, NE 04298"
Juan Morgan,melindawilliams@morris.org,001-687-200-0586x382,584-07-5325,"PSC 3355, Box 6192, APO AE 33492"
Jimmy Jordan,ccollins@hotmail.com,+1-912-262-3874x3848,034-82-1819,"5897 Melissa Springs Suite 272, North Allison, WI 23244"
Robert Smith,daniel20@dixon.com,6479511539,323-92-0138,"0839 Sims Square Apt. 099, Robertshire, NH 84811"
Zachary Hernandez,jesse58@yahoo.com,1246198318,188-96-0851,"629 Scott Ways Apt. 643, New Selena, NJ 22048"
Taylor Smith,rebecca52@gmail.com,050-427-4289x9209,488-71-3284,"472 Brenda Island Apt. 293, South Donaldside, ND 14295"
Alexander Smith,michael81@johnson-young.com,697-527-4588x24095,413-30-2560,"80292 Garcia View Suite 539, New Matthew, CO 66612"
Susan Barnes,ismith@hotmail.com,093.395.1148,220-72-1211,"61763 Burns Port Suite 779, East Brian, ME 85706"
Craig Johnson,pboyd@yahoo.com,041-177-3955,240-12-2342,"6237 Travis Terrace, West Kristin, IN 97287"
Curtis Shelton,cindy06@williams-hernandez.com,746-722-1497x6069,016-29-4738,"07936 Ruth Shoals, South Loristad, SC 74845"
Matthew Nixon,allisoncontreras@hodges.com,(072)817-5013x35165,628-05-7391,"8071 Paul Plaza Suite 950, Lake David, MS 90262"
Lynn Taylor,vdavid@lee.com,+1-046-234-1126x2496,338-97-6239,"239 Johnson Centers, Gonzalesstad, RI 35311"
Randy Richard,othomas@wells.com,(120)512-1293x801,393-17-2806,"555 Miller Heights, Port Thomas, NC 49113"
Lauren West,williamhogan@gmail.com,651.701.5306,238-59-3894,"PSC 0326, Box 4632, APO AA 64922"
John Martinez,martinmendoza@cannon.com,659-677-1701x72277,213-68-5229,"9547 Taylor Way, Ryanstad, CT 25165"
Mrs. Angela Pugh,lperry@andrews.biz,542.307.5233x590,060-37-3675,"2344 Karen Drives Apt. 050, East Jacob, WI 38651"
