name	email	phone	ssn	address
Charles Henson	beltrankathleen@duncan.com	(400)529-1157x89730	270-44-5914	164 Becker Port Apt. 730, West Jerry, NE 74501
Jerry Diaz	whamilton@yahoo.com	001-002-544-5287	785-58-8232	3563 Vasquez Points Apt. 300, South Lindsey, NV 93507
Kathryn Duffy	dana50@martinez.info	(802)430-3128	745-08-1601	207 Salazar Groves Apt. 794, South Rebecca, OK 70506
Ryan Bradley	jessica10@hotmail.com	450.562.1059	806-62-3376	61797 Sabrina Corners Apt. 884, Port Ashley, MD 39683
Vanessa Reyes	mabbott@smith.org	934.536.0740x526	167-37-8184	366 Charles Corner Suite 259, Stevenville, NE 59150
Nathan Garcia	vincentklein@yahoo.com	517.457.5170	015-49-5012	3970 James Flats, Carlsonview, WY 34268
Danielle Wilson	matthewmartinez@gmail.com	(933)666-4123x989	495-14-1426	36665 Michelle Plaza Suite 685, Lake Jonathan, LA 93437
Larry Perez	pwashington@page-barker.com	249-677-7412x7503	450-41-4625	086 Hall Ridges Suite 492, Deanfurt, SC 94758
Ashley Fleming	timothywalsh@hotmail.com	001-493-144-2635x019	251-89-8446	52669 Sloan Circles, New Jenniferborough, GA 91537
Leslie Moreno	allenjoy@hammond-aguilar.com	938-193-3105	871-47-7304	0231 Benjamin Branch Apt. 549, Antoniobury, MI 67809
Ashley Simmons	colliercameron@wolfe-villa.org	383.434.0649x749	196-11-5563	236 Matthew Village Apt. 553, Michaelstad, CO 68355
Sara Barker	teresaknight@vang.com	7490288945	707-72-9828	92357 Matthew Turnpike Apt. 798, Davidborough, NC 41527
Amanda Burke	wattsjoanne@martinez-hurley.info	7095894975	160-98-9331	7240 Hannah Inlet Suite 734, Shannonside, NJ 00814
Sean Miller	barnesbrent@lozano-walker.net	502-566-3325x06478	488-62-5040	0435 Sean Crest Apt. 046, East Brittanymouth, IN 32520
Christina Price	kboyd@gmail.com	+1-458-487-2172	713-56-0770	11058 Lucas Forks, West Elizabeth, DE 45938
Adam Brock	gchapman@hotmail.com	539-846-2928	291-08-0116	169 Gene Unions Apt. 991, Lake Charlesfurt, TX 24251
Anna Thomas	stokesbrandon@russell.com	8109578158	178-24-0982	807 Brady Ford Suite 493, Greerfort, SD 73901
Mariah Murphy	mcdowelltodd@harris.com	001-147-473-7273x44368	505-01-3265	9084 Aaron Inlet Apt. 368, Ryanmouth, MD 40585
Fred Mckinney	william63@hotmail.com	001-484-940-1152x8136	369-80-2949	44295 Charles Rest Suite 163, Ramirezbury, DC 98783
Alyssa Haas	aliciaortiz@yahoo.com	(981)908-7282	391-89-7192	55031 Deanna Mount, New Mary, NC 71139
Jennifer Bolton	orobertson@bell.com	001-981-261-7928x1710	291-12-5822	060 Hayes Street, North Andrewfort, FL 31262
Matthew Smith	brittany89@christensen.com	(011)230-2894x6935	173-12-4946	48345 Samuel Islands, East Alex, WV 91850
Melissa Woods	dakota84@robinson.com	001-418-912-6491x21996	383-32-8878	76258 Andrea Street Apt. 532, Robinsonside, KS 91891
Ruth Jackson	reginaavila@joseph.com	+1-550-148-1301x050	852-72-5353	2148 Jennifer Harbors, New Davidview, ME 20444
Melinda Rodriguez	melissacox@yahoo.com	948.908.3378x578	345-65-9252	PSC 8639, Box 7977, APO AE 64957
Olivia Lin	amanda86@hotmail.com	+1-393-556-9436x1106	145-38-5415	84392 Singleton Ferry Suite 799, Avilahaven, ID 69159
Gregory Cook	wcarrillo@harrison.com	453.846.5072x987	006-39-4906	1437 David Lakes, Mendeztown, WA 33748
Amanda Bartlett	normandiamond@rice-wright.net	001-421-275-0157x21278	109-96-6097	6316 Davis Cliffs Apt. 011, Russellmouth, AZ 66077
Melissa Hooper	jilldixon@yahoo.com	(332)099-4471x9074	869-11-6360	064 Gary Keys Suite 772, West Raymond, IL 97356
Alison Higgins	riley49@gmail.com	+1-626-089-6603x733	084-27-0858	058 Shane Mount Suite 377, Rebeccamouth, MI 36056
Craig Chapman	lherring@hotmail.com	+1-502-591-4539x570	845-82-4563	021 Natasha Isle Suite 253, West Amyview, CO 42462
Pamela Wilson	davissteven@gmail.com	527-970-6587	368-04-3253	01888 John Pines Apt. 189, Williamsfurt, OK 35228
Justin Long	racheljones@yahoo.com	(866)769-3269	457-53-2902	99784 Davis Corners, West Jodi, CT 99622
Robin Rodriguez	zlawrence@reyes-fleming.com	+1-799-538-0492x118	041-07-0285	8567 Jose Bridge Suite 613, Whitebury, NC 25103
Derrick Cabrera	jack78@campbell.com	+1-934-090-2347x774	507-08-8202	398 Burgess Tunnel Suite 233, Smithborough, MO 64145
Timothy Davidson	williamsscott@lucero-kirby.net	001-969-824-8717	305-67-7144	46952 Benton Corner Suite 058, North Frank, MO 35031
Ryan Gonzalez	colinyates@harris-steele.com	511-599-2163	568-49-6434	75142 Colon Summit, West James, NC 84201
Jennifer Frye	joshua63@gonzalez-estrada.info	219.060.3826x335	820-21-5476	76749 Munoz Dam Apt. 942, New Mark, AL 12260
Jonathan Watson	bryantjill@herrera.com	738-130-0970x252	528-80-5849	4852 Ingram Forge, Andersonbury, ME 78295
Matthew Williamson	rachel76@snyder-carlson.com	(074)564-7892	692-12-4585	Unit 5967 Box 1442, DPO AP 80969
Kayla Herrera	markmartinez@lopez.net	001-425-492-3790x53713	346-02-6713	45521 Gardner Lakes, West Jasmine, WA 92056
Chad Leonard	evan49@wright-perez.com	225-408-3252x63125	238-87-9761	USNS Hawkins, FPO AE 56597
Alexa Dixon	gary34@mccarty-willis.info	(105)758-1983x173	016-86-7760	305 Candice Causeway Suite 898, Marioside, ND 45038
Eric Mckee	millerkimberly@white.com	001-247-947-9776x61151	438-35-4837	290 Eric Way, Maryview, OK 56746
Mr. Andrew Sanders	gwilson@wilkins.com	339-757-3798	722-49-5966	09656 Kennedy Villages, West Jeremyville, ND 68842
Levi Hubbard	webbmichelle@robertson.com	(214)626-7501x27901	179-85-1730	PSC 6047, Box 5862, APO AE 20484
James Bates	kflowers@davis.biz	635.848.8810x11750	343-25-4349	38828 Elliott Divide Apt. 093, North Kathryn, MD 23480
Casey Williams	stevenbrown@gmail.com	+1-187-786-2514x550	432-49-5703	899 Kurt Landing, Lake Cameronport, VT 42570
Jeffery Knight	melinda29@gmail.com	977.390.4646x41582	346-34-2291	1013 Cooper Valley, New Jeffreyhaven, AZ 96292
Melissa Villarreal	ebaldwin@yahoo.com	+1-517-037-6859	830-73-9586	612 Nancy Mountain, Chambersland, NC 02743
Karen Pennington	lbyrd@gross.org	+1-905-429-8480x590	751-18-4757	6473 Michelle Meadow Apt. 052, New Jessica, CO 99780
Patrick Hurst	rodriguezsteven@hotmail.com	734-505-8531	560-34-1476	881 Williamson Pine Apt. 188, Horneview, KS 01300
Charles Keller	jennifer93@yahoo.com	001-791-265-7031x05487	616-44-7891	0819 Monica Spur Suite 882, Sandersburgh, MA 92954
Billy Holland	danielle46@yahoo.com	502-206-4281	480-96-4573	501 Estrada Valleys, West Kevinborough, LA 45141
Brad Huber	wandaanderson@gmail.com	001-049-421-3560x4957	449-67-8684	8702 Gary Port, New Keith, SC 47199
Steven Mcdonald	wigginsjessica@gonzalez.com	582-271-9989	028-39-8435	501 Gutierrez Mount, Brendafurt, WA 96358
Sarah Morrow	jadehernandez@edwards.biz	642.125.7436	634-12-6389	USNS Bowers, FPO AE 84058
Julie Jackson	uanderson@gmail.com	(116)301-5619x2919	196-61-4602	4730 Daniel Spur, Port Brian, ND 28559
Misty Jones	lisacole@miller-decker.biz	+1-860-708-4914	716-22-9548	98537 Tucker Street Suite 019, East Stephen, NM 68423
Amber James	gary50@hayes.com	+1-900-100-6621x95079	522-30-0684	33904 Fisher Flat, Antonioport, IA 99721
Alexa Skinner	campbellkevin@martinez-mcgee.com	(277)339-9777	105-51-5364	64822 Michael Glens Suite 745, Port Paula, NC 25109
Jacob Leon	jgarcia@davis.com	174.319.5984x036	226-42-3924	01386 Smith Court Apt. 516, Jacksonview, NV 93548
Jennifer Edwards	cjohnson@mcdowell.com	025-546-2873x59916	755-15-9155	35842 Jerry Corner, Santosside, KS 95633
Christine Aguirre	kyle39@yahoo.com	(562)889-8686x56173	219-52-5403	USNV Herrera, FPO AE 32721
Nicole Murphy	tuckermichele@hotmail.com	(141)490-7374x5869	400-05-4682	Unit 4740 Box 9327, DPO AA 04213
Sabrina Simon	jeremy30@yahoo.com	(241)296-4791x3454	632-06-3121	09978 Douglas Mission, North Hannahhaven, RI 02428
Jacqueline Cummings	qgraham@mcdonald-thomas.com	(680)568-5952	360-64-1446	27140 Smith Mountain Apt. 810, Deantown, IA 36650
Heather Orozco	timothygardner@hotmail.com	1442222411	167-88-9946	19799 Martin Union Suite 385, Davisbury, KS 97649
Benjamin Jennings	natasha39@yahoo.com	395.110.4873x46941	306-63-5847	Unit 6432 Box 3209, DPO AP 78978
Amanda Carter	suttonbryan@freeman.biz	(393)226-8268x79666	711-82-9532	175 Richard Extension Suite 729, Johnfurt, AK 52916
Patricia Garrett	clarknicole@rodriguez.net	(333)723-0720	453-94-4462	649 Ross Viaduct Apt. 473, Mendezshire, MA 80801
David Davis	jennifer71@gmail.com	086-635-1021	144-70-1130	Unit 0187 Box 0571, DPO AP 09259
Katherine Davis	kscott@curry-mcgee.com	001-765-702-4303x24210	875-38-5735	21552 Peters Wells, Powellville, CA 86099
Glen Ray	theresaheath@yahoo.com	277-447-1174	149-22-8812	99623 Murray Bridge Apt. 899, Lake Alex, UT 86699
Nicholas West	davidwhitney@coleman-thompson.com	532-074-3768x3423	839-93-8147	8679 Cynthia Lake, South Melinda, IA 32699
Patrick Baldwin	davidmiles@allen-phillips.com	824-423-7110x81692	833-06-1862	28561 Bowman Pine, Castrofurt, WY 25331
Miguel Patterson	amurray@gmail.com	9461329271	415-10-5722	8989 Steven Tunnel Suite 479, Port Travis, NJ 79988
Debra Cox	leerobert@gmail.com	693.647.6276x74615	051-01-4246	029 Esparza Meadows, Baldwinview, IA 25186
Elizabeth Sellers	tammy03@gmail.com	+1-706-920-4775x0519	177-15-9373	006 Edwards Avenue Suite 855, Russellchester, SC 82483
Andrew Santos	zday@gmail.com	645-339-9963x79705	784-49-4128	302 Sanchez River Suite 234, Justinstad, UT 92468
Thomas White	kjohnston@cohen.com	001-351-978-7769x18233	139-33-7184	75765 Cassandra Prairie, Velazquezfort, CA 86607
Nathaniel Schwartz	danielprice@hotmail.com	(820)333-0103	570-02-4045	746 Cheyenne Trail Apt. 168, Rachelview, SD 24159
Cheryl Hernandez	rebeccarichardson@schaefer.com	3045441208	148-44-2992	2158 Clark Spring, Lake Josephview, IA 42946
Aaron Gardner	ysmith@yahoo.com	616.848.7240	109-52-0023	69606 Walker Course Apt. 976, Port Nicholas, TN 29499
Eric Harrell	danielleayala@reid.com	076.902.5964	400-97-5876	38743 Chavez Union, Bishopshire, VT 02241
Kelly Mcdonald	smithrobert@hotmail.com	001-920-629-8284x99189	250-36-7826	Unit 5197 Box 7467, DPO AE 59472
Mary Romero	franklinjulie@carter.com	+1-243-194-2337x0823	491-82-9506	6371 Duffy Corners Suite 231, Joshuafurt, MI 38868
Edward Douglas	deborah34@santos.net	240-268-8306x03122	675-22-4483	Unit 9850 Box 8746, DPO AE 74126
Michael Serrano	alexanderdaniel@garcia.com	+1-051-592-8503x25481	514-26-6698	USS Brewer, FPO AP 84893
Dawn Walter	ericberg@marshall-chapman.com	2136015158	154-44-2510	620 Stewart Junctions Suite 311, South Christophershire, PA 94070
Ann Martin	stevensonchristopher@morgan.com	(483)466-3409x050	015-73-4927	USS Knight, FPO AE 46665
Megan Carroll	cynthiabaker@brown-fuller.com	813-250-0398x775	249-74-1351	804 Stevens Highway Suite 238, East Amanda, MI 08013
Casey Rivera	lfoster@gmail.com	(616)163-5363	072-15-6823	441 Lowe Pines, West Dianamouth, DE 08103
Courtney Patton	mgonzalez@lynch.com	5838098911	024-73-6184	PSC 3771, Box 9534, APO AP 17831
Ronald Shaw	patriciastevens@hotmail.com	966-409-3789x4349	513-96-4616	0388 Jackson Gardens, North Suzanne, LA 77461
Christopher Hill	tonya32@yahoo.com	360-572-9539	451-44-3118	4719 Lee Glen, Mathewstad, IA 55379
Kim Wood	singhadam@hotmail.com	004-318-4328	677-58-2827	720 Thomas Fall Apt. 057, Kelseyberg, OR 53281
Brad Welch	welchharry@gmail.com	001-920-777-2990x641	503-29-4286	133 Miller Loaf Apt. 433, Dayville, AZ 13557
James Bush	lwhite@gmail.com	9067116784	470-60-3247	Unit 0739 Box 3738, DPO AP 56429
Connie Jordan	kennethkelley@pollard-thornton.com	(952)093-7974x743	360-20-1307	PSC 7812, Box 0409, APO AP 80521
Frank Moore	tonyasmith@hotmail.com	001-188-445-0422x2669	556-76-9303	98815 Zachary Neck Apt. 303, Jacquelineton, ME 38291
Isaiah Clark	wrightjustin@williams.com	+1-781-001-0772x28697	522-71-7614	632 Spencer Turnpike, Ericberg, NV 98093
Eric Warren	jerome84@evans.net	+1-940-129-1255x147	545-43-4967	520 Brooks Glen Suite 122, Lisaborough, NH 34314
Norman Buchanan	christianandrew@gmail.com	613-360-3129	776-26-8297	567 Bonnie Drives Apt. 105, North Judy, OK 63837
Jonathan Cherry	zmason@jones.com	243-771-7658x5496	888-25-8489	0165 Reynolds Courts Apt. 243, Lake Savannahville, NC 88575
Kayla Macias	uruiz@jackson.biz	525.941.8609	151-45-3949	7526 Robinson Fort Apt. 112, Port Heather, AZ 58200
Rachel Robertson	carolyn19@vang-jacobs.com	9084107869	239-13-0461	369 Collins Motorway Apt. 491, Walshside, TX 36807
Wendy Taylor	randallfoley@cooper.com	334.865.7788x667	465-93-5178	268 Amanda Vista Suite 598, South Samuel, CA 59698
Harry Bird	glennjody@yahoo.com	(120)422-5566	197-04-7238	40612 Sheppard Summit Suite 251, North Danielle, OK 07799
Eric Morrison	daniel75@gmail.com	(465)653-1934	203-65-1920	Unit 0667 Box 6027, DPO AP 89700
Douglas Cabrera	rodney91@estrada.com	260-124-6212	429-07-0342	945 Rebecca Center Suite 123, East Nathan, SC 52957
Tammy Solis	jermainecampbell@hotmail.com	383-282-8403x49416	101-62-8393	202 Mcgrath Mount Apt. 282, Burtonland, WA 19764
Jessica Boyle	maureen10@yahoo.com	(362)801-1934x011	899-04-0887	87260 Brian Shoal, East Harry, ME 49493
Bryan Richardson	hessann@sanders.com	001-205-183-4608	489-57-7452	08438 Simpson Ramp, West Vernonchester, TN 99468
Peter Dougherty	fosterjonathon@castro.com	946-852-4629x40607	080-89-6434	81087 Reed Glens Apt. 014, Lisaside, AL 06675
Heather Smith	cindy19@hansen-morales.biz	(925)898-2696	395-73-3256	77636 Joseph Neck, Port Andrea, DE 60036
Linda Bell	salazarbrian@gmail.com	054.510.2227	269-94-5038	63776 Blair Wells, Fisherville, AL 80684
Kaitlyn Burton	julia84@gmail.com	001-962-763-5532x266	096-72-9211	0551 Ethan Wells Suite 473, North Jeremyfort, NE 77514
Natasha Jensen	mcclainrandall@pitts-rice.net	840-092-0318x368	413-35-8129	7998 Tammy Shores Suite 738, South Joseph, TX 36627
James Miller MD	nicoleoconnell@jones-taylor.com	+1-596-484-8405x9982	424-74-0071	2175 Robert Mountain Apt. 310, North Jessicaview, OR 02732
Crystal Ellis	normanjones@hotmail.com	757.269.4910	203-86-2647	85582 Marcus Turnpike Apt. 677, Patrickport, HI 25245
Jennifer Brooks	brian76@hotmail.com	694.083.1106	877-50-8391	USS Sparks, FPO AP 97119
Denise Ortiz	pamela66@chapman.net	(943)223-4836	456-17-8396	812 Evan Roads, Williamsport, LA 12647
Emily Bass	fordalexander@wheeler-jones.info	456.144.3317x005	575-45-0691	6067 Taylor Keys Suite 862, Frankmouth, CO 04616
John Holmes	rbarnes@salas.com	837.281.2236x055	812-97-6760	Unit 8627 Box 9412, DPO AE 58495
Rose Morrow	zclark@rivera.com	217.264.9406x3048	786-11-9363	2911 Rodney Stravenue Suite 503, Jamesmouth, SD 73945
Andrea Glenn	adamgarza@robertson-wise.org	888-950-8669	798-14-3650	27688 Christine Square, Bradleyhaven, FL 06954
Kimberly Simpson	jack81@butler.com	648-978-0869x673	671-99-2667	PSC 7697, Box 7071, APO AP 58891
Edwin Baker	matthew78@davis-lewis.com	001-270-398-7060x7278	530-40-0875	50349 Julian Motorway, Harpermouth, WA 08691
Christina Russell	suttonchristine@hotmail.com	+1-836-568-7705x388	446-63-5964	99237 Gardner Keys Suite 766, Lake Matthewchester, MA 02796
Jacob Wise	raymond41@gmail.com	860.372.5116x04603	655-84-7601	8050 Richard Stream Suite 006, North Christinaland, AZ 87143
Kara Phillips	colinbrown@kirk-wells.com	703-997-4057x068	184-76-6305	USNV Levine, FPO AA 08354
Tony Lin	alexandra55@miller-williams.com	001-225-233-6119x99488	165-56-7437	77337 Hurst Land Suite 037, East Michelle, ME 86971
Anthony Rivas	matthew93@hotmail.com	728.792.4285	068-17-4748	3325 Holly Causeway Apt. 287, South Amy, HI 13792
Brian Williams	karen77@brown-ochoa.com	(205)038-5664x3138	858-77-5930	6447 Smith Locks, Sethfurt, NJ 98717
Mrs. Aimee Hardin	haynesmelissa@andrews.com	(296)215-3191x291	357-46-8100	USS Long, FPO AP 90999
Allison Erickson	nclark@parker.net	001-231-181-3717x58369	876-49-7081	31151 Avery Mall Apt. 178, Lake Kevin, ND 95719
Christine Hernandez	sharonhernandez@lopez-williams.com	050.780.2115x9837	852-23-6121	Unit 4922 Box 4099, DPO AE 47274
Heather Moore	samuel49@hotmail.com	7375648381	508-61-8561	USNS Potts, FPO AP 88457
Kenneth Robinson	derekhall@hotmail.com	(892)368-5854	664-54-2642	6794 Holly Cliffs, East Rodneyport, MO 48432
Ronald Taylor	christyallen@mitchell.com	+1-833-313-2030x955	797-60-8093	640 Isaac Harbor Suite 168, Port Craigland, IL 70992
Debra Kim	jeffreyvance@gmail.com	(115)327-1346x5051	895-59-0781	714 Rivera Rapids, New Charlesland, NE 76318
Matthew Hoffman	kwelch@gmail.com	314-495-7380x4838	356-56-0713	9179 Osborne Key Suite 037, South Kenneth, TX 91166
Nancy Jones	carolyn17@smith.com	+1-001-074-6539x1606	329-73-5183	842 Chase Well Suite 661, South Rachelmouth, TN 75871
Patrick Chaney	joshua20@henry.com	+1-840-725-8619x3653	532-78-0797	845 Barrera Green Suite 782, Mendeztown, NM 92566
Ronald Clarke	brownkevin@jones-taylor.info	021.415.4061	663-44-3042	90208 Green Street Apt. 167, East Lorifurt, NJ 14056
Felicia White	charles74@yahoo.com	001-988-297-0815x89591	523-70-3983	4621 Campbell Heights Suite 476, East Cynthiatown, NM 26864
Mary Anderson	shafferapril@hotmail.com	(007)935-6139x21081	596-58-7316	0828 Garcia Plaza, East Terrybury, SC 99635
Andrew Perry	matthewgraham@gilbert.com	(467)041-5131	477-87-2187	53473 Andrews Mill Apt. 357, Lucasland, MS 82329
Rebecca Wallace	hhenry@hotmail.com	8686372229	458-76-9762	33617 Mckee Walks, Hickmantown, MD 39278
Cory Hawkins	allison20@bowen.info	(230)454-1985x9356	377-30-5238	USS Dodson, FPO AA 68848
Derrick Martinez	justin64@brown-sanchez.com	306-834-8544x66903	782-77-0515	3310 Brent Branch, Erinhaven, SC 24681
Marilyn Martin	matthewsmonica@cox.biz	+1-169-037-2565x602	686-96-2788	Unit 0848 Box 6389, DPO AP 75285
Raven Friedman	kristinafrost@gmail.com	892-653-6622x99808	394-06-9725	6383 Jacqueline Hollow Apt. 506, Karenmouth, TX 38117
Brenda Hurley	rodriguezkimberly@white.net	850-979-7012	137-08-4991	2683 Thompson Cliffs Suite 869, South Lynn, NM 19325
Jessica Dominguez	david31@booth-mcguire.com	9056226228	510-56-6633	7471 Ware Curve Apt. 465, Annetteland, MO 61549
James Lewis	andradenancy@yahoo.com	273.836.1825x246	224-04-1946	108 Sarah Plaza Suite 321, Robbinsmouth, NC 83979
Kenneth Leon	blackjonathan@johnson.com	(305)015-6585x429	659-57-0536	0498 Delgado Spring Suite 285, West Michele, WI 98078
Andrew Brown	uward@yahoo.com	+1-599-732-7450x7749	888-99-9006	168 Holly Trace Suite 979, Peterfort, SC 45037
Nicole Potter	michaelwoods@alvarez-vasquez.biz	(435)456-7295	388-37-0235	1237 Mary Avenue Suite 223, Lake Nicole, CO 97780
Mark Howell	linda20@rose.com	026.034.8371	239-46-9677	7964 Hernandez Islands, Williamhaven, AL 07891
Christopher Hutchinson MD	jacqueline24@gmail.com	9685017534	841-49-9945	0296 Holmes Lakes Suite 422, New Jennifer, VT 95006
Gregory Johnson	stevenlee@ramos-brown.org	126-024-9745x11009	322-05-8825	839 Kimberly Park Suite 863, Lake Bradley, TX 89459
Billy Zuniga	katiemayo@bowers.com	3657549590	644-89-7643	8297 Herrera Knoll, Port Katherinetown, MN 64502
Olivia Bishop	quinnjohn@bauer.org	547.919.0123x304	858-67-5482	95502 Andre Spring Apt. 480, Jaimeshire, NJ 36548
Casey Diaz	johnsonlarry@hotmail.com	4478501431	208-82-9879	2717 Justin Corner Apt. 765, Smithside, IN 61581
Brandon Barr	karmstrong@hotmail.com	+1-491-562-8433	443-02-6335	9597 Bartlett Islands, New Kevinchester, MN 55643
Christian Pierce	calvin95@quinn.com	037-758-1419	411-70-8398	PSC 5262, Box 5216, APO AP 31974
Kyle Jefferson	lisa18@gmail.com	001-788-858-2968	686-22-8820	45991 Tran Island Apt. 058, East Kimberly, FL 23240
Ronald Wheeler	brockkelly@johnson.com	+1-613-761-7370x204	683-13-6857	355 Victoria Flat, New James, AL 54609
Cameron Hays	jenkinskevin@gmail.com	674-661-6326x36947	127-13-5190	4504 Maureen Expressway Apt. 295, Smithville, AZ 27800
Kara Walter	figueroasamuel@cain.com	618-667-4461	500-83-7524	Unit 1591 Box 6387, DPO AA 79860
Susan Parker	james87@gmail.com	(562)887-8846x1687	285-68-2849	40634 Nicholas Port, Blairberg, KY 69834
Joseph Malone	gvance@hotmail.com	387-234-0548	117-02-3142	3645 Alvarado Neck Suite 509, Nicholeport, OK 05437
William Davis	bethgarrett@hotmail.com	(316)125-7674	541-31-0169	48522 Young Overpass Suite 213, West Jorge, OR 41076
Karen Shaw	emily00@hotmail.com	(875)117-7492x073	455-26-4567	2262 Susan View, Lake Larry, PA 94982
Kevin Robinson	elijahbuck@gmail.com	(102)459-3441	347-15-6710	593 Williams Plains, West Jeff, IN 56313
Ryan Brown	ispears@hotmail.com	001-120-089-5522x538	633-89-0651	9496 Arnold Creek Apt. 721, Elizabethfurt, CO 71464
Chad Mcdonald	fordrobert@knox.com	001-887-722-7423x218	344-13-9724	8519 Hill Ways, Port Mikayla, CT 61373
Paula Campbell	kathrynmiller@robinson-petersen.com	+1-383-702-9572x069	745-91-0604	873 Melissa Lane Apt. 350, West Tracyberg, NC 37631
Brian Hodge	robertmason@yahoo.com	830-833-4574x858	362-54-4727	1737 Alicia Mountain Suite 158, Port Jonathan, WA 49713
Kelly Johnson	vanessa79@valdez.net	001-176-482-0060x918	754-62-9161	043 Jasmine Oval, Martinmouth, RI 90955
Patricia Maynard	ccrawford@reyes-lowe.org	001-412-531-6097	045-37-6469	0388 Charles Plain Apt. 287, Matthewside, CT 14595
Rachel Weaver	tatejohn@yahoo.com	1400741469	874-56-0926	7123 Sarah Circles, Dannyfort, NH 04034
Melissa Gonzalez	hayley66@johnson.com	984.024.7901	212-17-2096	3917 Kenneth Motorway Apt. 244, Washingtonborough, DC 63882
Matthew Rodgers	sanchezlinda@brady-hall.com	869.920.5056	896-35-0432	60092 Moyer Way, South Bryan, MI 12707
William Matthews	sallybolton@bennett.com	(816)746-4789x19221	699-86-8820	02408 Jeffrey Ford, New Aprilhaven, NH 18701
Paul Moore	cooketara@hotmail.com	130.084.2041x23312	296-77-1337	Unit 6917 Box 0307, DPO AA 37276
Brenda Pittman	andreamaynard@taylor.com	498.968.6391x30122	263-52-5879	7328 Tanya Tunnel Apt. 536, Timothyborough, WI 75553
Bob Gardner	laurabond@hotmail.com	(499)608-2337	294-79-2207	43547 Kimberly Circle, Jonathonbury, CO 69619
Thomas Graham	kenneth36@dillon.net	(005)803-3122x4432	432-34-6526	54439 Brown Manors, South Carrieshire, MN 20492
Juan Adams	carterelizabeth@patel.net	7428345826	156-69-6679	6801 Jeffrey Road Apt. 971, Cynthiashire, DE 33332
Amanda Smith	stonesean@yahoo.com	(239)940-2932	644-67-8266	445 Garza Haven, Elizabethchester, WV 59204
Bonnie Moreno	camachojason@yahoo.com	+1-422-393-0905	195-78-7049	129 Klein Plain Apt. 728, North Danaburgh, VT 40462
Jessica Delgado	colleen40@lee.com	236.675.2985	896-78-0812	578 Maldonado Coves, Barbermouth, SC 98013
Deanna Lewis	shirleymartinez@hotmail.com	(186)089-1779x4676	721-92-9493	747 Ellison Landing Suite 407, New Nicholas, VA 64695
Juan Greer	mirandalindsey@gmail.com	027.569.2223x6723	805-88-0275	971 Brown View, Kathleenville, NV 32864
Heather Morales	ilewis@glenn.com	516.178.8134	356-12-4008	USCGC Kelley, FPO AA 97246
Julie Travis	wreyes@gmail.com	9605396715	703-49-0564	0479 Johnson Squares, Keithmouth, AL 54425
Heather Curtis	jacobbowman@hotmail.com	047-476-7809	506-67-8206	Unit 5282 Box 0760, DPO AP 34409
Jessica Gilbert	amber38@yahoo.com	+1-433-401-0129x678	085-86-2645	6504 Austin Flat, New Kellyport, MO 16155
Alexis Barker	christine18@hotmail.com	(988)312-9854x604	274-45-6173	061 Andrew Street, Jonathanfurt, SD 63737
Kelli Hall	laura24@johnson-chan.net	+1-160-379-2612	680-37-1800	636 Roth Unions Apt. 563, South Nicholasville, VT 39487
Jorge Prince	katelyn54@fernandez.com	435.969.2758x750	291-35-1452	97067 Matthews Mall Suite 051, Sheppardchester, OK 65668
Carla Harper	pturner@martinez-graham.biz	901.401.9180	135-38-4633	55036 Young Brook Suite 702, Kevinville, NJ 48750
Marissa Ward	jessicahiggins@hotmail.com	(305)863-8809x080	248-85-9405	PSC 3686, Box 3806, APO AA 51203
Brian Reed	efisher@phillips.org	001-847-328-2140x128	443-65-1817	979 Hurley Crescent, South Samantha, NM 25574
Dustin Roberts	mallen@hotmail.com	+1-554-125-7945x3531	504-67-4705	1063 Katherine Highway, Henrystad, NC 29332
Nathan Carter	buckleyjimmy@hotmail.com	+1-901-413-5826x5249	496-99-2481	4573 Vincent Inlet Suite 959, Rojasmouth, NV 72382
Walter Garcia	rodney65@gmail.com	(284)643-9873x72056	008-25-2686	08380 Warner Common Suite 218, Lake Eric, MI 48683
Anthony Ochoa	robert06@hotmail.com	605.263.8780	049-05-5689	650 Fowler Fort, Port Don, IA 74782
Mr. Brian Ortega	jdavis@hotmail.com	+1-399-802-8082x5010	603-20-0712	0708 Gonzalez Mountain Suite 585, Port Julieland, AL 13015
Maxwell Shannon	courtney95@walker.com	001-635-338-1068x72138	447-14-2286	035 Jill Union Apt. 569, Robbinsborough, OK 89608
Robert Baker	watsoncassie@yahoo.com	001-237-445-8846x43771	576-63-0597	774 Reynolds Lodge Suite 795, Evansmouth, AL 99300
Christopher Kelley	fbrown@gomez.com	001-195-959-4831x266	225-40-9080	97302 Perez Mountain, New Brianna, OK 12993
Carl Bates	kristin64@brown.com	001-585-779-3731x5358	125-29-6310	87489 Rhonda Green, North Jesseburgh, LA 33326
Eric Burton	tsmith@yahoo.com	966.254.4945	385-07-2694	622 Michael Glen Apt. 514, Brandonchester, OH 70198
Angela Morales	acordova@johnson.com	162-939-3070x9588	031-27-3149	12659 Michelle Walks Apt. 972, Derekshire, WI 68138
Dawn Wang	hwhitney@yahoo.com	001-666-951-1007x451	449-44-1548	USNV Tucker, FPO AE 45963
Joseph Lee	kellyrodney@johnston-scott.com	864-346-7535	463-22-1733	56525 Joan Parks Suite 295, North Vincentborough, RI 60838
Brandon Pugh	hcastro@carney.com	958-916-6824	324-95-4345	7701 Janet Pines, Port Sharonchester, IA 28837
Jacqueline Rice	ryan31@wilson.com	992-923-8496	806-75-9326	869 Cody Gardens, Kimberlyburgh, MD 56813
Tanya Morse	emilywong@salas.com	597-433-9494x484	823-24-4856	28915 Rachel Trail, Elizabethmouth, OR 07050
Ariel Jones	jacksonterrence@yahoo.com	(505)055-6802x41932	646-81-4309	6889 Stephen Summit Apt. 260, East Annastad, WY 83051
Karen Wilson	wsanchez@gmail.com	001-896-347-8595x765	021-64-2822	2682 Nancy Neck, Lisashire, ID 32184
Mary Cabrera	john73@vazquez.biz	721.187.0157x8406	794-97-5038	086 Becky Light Suite 410, Scottberg, OH 47904
Sarah Arellano	randalljessica@smith-dodson.biz	907.084.5460	548-34-4425	8756 Smith Brooks, East David, PA 71065
David Leblanc	jacquelinehurley@berger-edwards.com	044.377.0523	511-21-9328	654 Meyer Fords, South Joelview, OH 12435
Mary Cervantes	rachelbarnes@black-floyd.org	7486807168	210-73-2706	20313 Henderson Flat Suite 407, South Danielton, MO 85557
Carrie Garcia	rangelcathy@miller.com	163.408.4951x28349	558-45-4719	PSC 1713, Box 6006, APO AP 11824
Jenna Case	gainesmatthew@allen.com	909.006.5182x42505	887-36-9666	7354 Murphy Shoals Apt. 113, Tamarastad, WI 64493
Charles Watkins	travisblack@yahoo.com	(081)460-1143x24763	503-66-3227	1888 Matthew Rue Suite 060, North Josephport, NJ 90970
James Carr	susanlong@ortiz-hall.com	158-837-5789	496-68-6250	3326 Katherine Views, Maciasport, MA 40218
Rachel King	ejohnson@flores-fernandez.com	001-595-245-2165x785	692-59-7692	001 Lance Road, Rebeccafurt, NC 69762
Haley Morris	woodbradley@yahoo.com	(231)843-1655x396	630-65-4526	1111 Sanchez Canyon Apt. 625, North Javiershire, ND 49268
Madeline Jones	glandry@yahoo.com	(514)000-7877x821	580-08-5811	8719 Douglas Island Suite 188, Smithburgh, ME 04218
Devin Hudson	alicia05@hotmail.com	(760)129-8571x6737	812-68-4569	7296 Christopher Village Suite 217, Kyleburgh, NY 47517
Robert Johnson	scardenas@gmail.com	(377)099-4739x63787	823-43-3140	Unit 5156 Box 0536, DPO AP 84744
Tanner Barnes	vhart@yahoo.com	+1-520-401-7890x60008	533-21-8197	36050 Wilcox Path Suite 038, North Mario, NJ 48691
Jonathan Sampson	casenicholas@yahoo.com	252-414-7729	425-26-7400	0032 Cobb Lodge Apt. 880, West Marioburgh, TN 37412
Lisa Montoya	qhoward@haynes-kim.net	(440)005-4687x634	750-28-4747	1081 Miller Green, Pattonside, FL 59734
James Reed	carrieterry@willis.com	(694)461-5031	754-98-3762	3214 Hannah Squares Suite 209, East Andrew, DC 28604
Austin Ward	wolfejames@yahoo.com	(315)107-0597x6352	585-95-0193	8427 Jennifer Drives, Chavezmouth, MA 21627
Brandy Webster	samanthabarnes@hotmail.com	335.958.2336x3518	168-27-3622	402 Kyle Island Suite 308, South Marcville, RI 06620
Mark Hinton	erinmcintosh@gmail.com	2026188890	891-86-1729	38803 Shaffer Shore Apt. 344, Raymondville, TX 77848
Lisa Robinson	randalldaniel@gmail.com	(188)736-2700	703-27-3947	6626 Romero Ridges Suite 623, Jamesport, LA 75089
Susan Landry	barbara17@white.info	001-560-610-5095x6910	493-19-1216	149 Johnson Mountain, Pooleberg, NH 26971
Kristina Davis	christopher33@gmail.com	075.409.7863	002-20-6056	155 Keith Shoals Apt. 305, Lake Joshua, MA 24199
Joseph Murphy	joshua45@williams.com	721.070.8303x02179	552-16-4497	0352 Evans Flats, Port Michaelview, SC 85375
Ryan Guerrero	rodriguezbrandy@martin.org	+1-638-356-4493x4941	391-88-6807	51970 Daniel Run, Sherriport, OR 27995
